name,desc,type,minLevel,SortLevel,radius,allowRadiusChange,buff,defaultDurations/0/duration,defaultDurations/0/minLevel,defaultDurations/1/duration,defaultDurations/1/minLevel,defaultDurations/2/duration,defaultDurations/2/minLevel,defaultDurations/3/duration,defaultDurations/3/minLevel,alwaysApplyCasterCondition,hide,persistent,unlimited,restricted,hasValue,decreasingValue,notes,inputRequired,endsWithConditions/0,endsWithConditions/1,endsWithConditions/2,hints/0/desc,hints/0/showon,hints/0/effects/0/affected,hints/0/effects/0/show,hints/0/effects/0/setValue,hints/0/effects/0/type,hints/0/effects/0/value,hints/0/effects/1/affected,hints/0/effects/1/show,hints/0/effects/1/setValue,hints/0/effects/1/type,hints/0/effects/1/value,hints/0/effects/2/affected,hints/0/effects/2/show,hints/0/effects/2/setValue,hints/0/effects/2/type,hints/0/effects/2/value,hints/0/effects/3/affected,hints/0/effects/3/show,hints/0/effects/3/setValue,hints/0/effects/3/type,hints/0/effects/3/value,hints/0/effects/4/affected,hints/0/effects/4/show,hints/0/effects/4/type,hints/0/effects/4/value,hints/0/extraActivations,hints/0/conditionChoiceFilter,hints/0/heightenedDescs/0/level,hints/0/heightenedDescs/0/desc/0/value,hints/0/heightenedDescs/0/desc/0/variable,hints/0/heightenedDescs/0/desc/1/value,hints/0/heightenedDescs/0/desc/1/variable,hints/0/heightenedDescs/0/desc/2/value,hints/0/heightenedDescs/0/desc/2/variable,hints/0/heightenedDescs/1/level,hints/0/heightenedDescs/1/desc/0/value,hints/0/heightenedDescs/1/desc/0/variable,hints/0/heightenedDescs/1/desc/1/value,hints/0/heightenedDescs/1/desc/1/variable,hints/0/heightenedDescs/1/desc/2/value,hints/0/heightenedDescs/1/desc/2/variable,hints/0/heightenedDescs/2/level,hints/0/heightenedDescs/2/desc/0/value,hints/0/heightenedDescs/2/desc/0/variable,hints/0/heightenedDescs/2/desc/1/value,hints/0/heightenedDescs/2/desc/1/variable,hints/0/heightenedDescs/2/desc/2/value,hints/0/heightenedDescs/2/desc/2/variable,hints/0/heightenedDescs/3/level,hints/0/heightenedDescs/3/desc/0/value,hints/0/heightenedDescs/3/desc/0/variable,hints/0/heightenedDescs/3/desc/1/value,hints/0/heightenedDescs/3/desc/1/variable,hints/0/heightenedDescs/3/desc/2/value,hints/0/heightenedDescs/3/desc/2/variable,hints/0/heightenedDescs/4/level,hints/0/heightenedDescs/4/desc/0/value,hints/0/heightenedDescs/4/desc/0/variable,hints/0/heightenedDescs/4/desc/1/value,hints/0/heightenedDescs/4/desc/1/variable,hints/0/heightenedDescs/4/desc/2/value,hints/0/heightenedDescs/4/desc/2/variable,hints/0/heightenedDescs/5/level,hints/0/heightenedDescs/5/desc/0/value,hints/0/heightenedDescs/5/desc/0/variable,hints/0/heightenedDescs/5/desc/1/value,hints/0/heightenedDescs/5/desc/1/variable,hints/0/heightenedDescs/5/desc/2/value,hints/0/heightenedDescs/5/desc/2/variable,hints/0/heightenedDescs/6/level,hints/0/heightenedDescs/6/desc/0/value,hints/0/heightenedDescs/6/desc/0/variable,hints/0/heightenedDescs/7/level,hints/0/heightenedDescs/7/desc/0/value,hints/0/heightenedDescs/7/desc/0/variable,hints/0/heightenedDescs/8/level,hints/0/heightenedDescs/8/desc/0/value,hints/0/heightenedDescs/8/desc/0/variable,hints/0/heightenedDescs/9/level,hints/0/heightenedDescs/9/desc/0/value,hints/0/heightenedDescs/9/desc/0/variable,hints/1/desc,hints/1/showon,hints/1/effects/0/affected,hints/1/effects/0/setValue,hints/1/effects/0/type,hints/1/effects/0/value,hints/1/conditionChoiceFilter,hints/2/desc,hints/2/showon,hints/2/effects/0/affected,hints/2/effects/0/type,hints/2/effects/0/value,hints/2/conditionChoiceFilter,hints/3/desc,hints/3/showon,hints/3/effects/0/affected,hints/3/effects/0/type,hints/3/effects/0/value,hints/3/conditionChoiceFilter,hints/4/desc,hints/4/showon,hints/4/conditionChoiceFilter,hints/5/desc,hints/5/showon,hints/5/conditionChoiceFilter,choice,choices/0/name,choices/0/defaultDuration,choices/0/nextStage,choices/0/featreq/0,choices/0/spelllevelreq,choices/1/name,choices/1/defaultDuration,choices/1/nextStage,choices/1/featreq/0,choices/1/spelllevelreq,choices/2/name,choices/2/defaultDuration,choices/2/nextStage,choices/2/featreq/0,choices/2/spelllevelreq,choices/3/name,choices/3/defaultDuration,choices/3/nextStage,choices/3/featreq/0,choices/3/spelllevelreq,choices/4/name,choices/4/defaultDuration,choices/4/featreq/0,choices/4/spelllevelreq,choices/5/name,choices/5/defaultDuration,choices/5/featreq/0,choices/5/spelllevelreq,choices/6/name,choices/6/defaultDuration,choices/6/featreq/0,choices/6/spelllevelreq,choices/7/name,choices/7/defaultDuration,choices/7/featreq/0,choices/7/spelllevelreq,choices/8/name,choices/8/defaultDuration,choices/8/featreq/0,choices/8/featreq/1,choices/8/spelllevelreq,choices/9/name,choices/9/defaultDuration,choices/9/featreq/0,choices/9/featreq/1,choices/9/spelllevelreq,choices/10/name,choices/10/defaultDuration,choices/10/featreq/0,choices/10/spelllevelreq,choices/11/name,choices/11/defaultDuration,choices/11/featreq/0,choices/11/spelllevelreq,choices/12/name,choices/12/defaultDuration,choices/12/featreq/0,choices/12/spelllevelreq,choices/13/name,choices/13/defaultDuration,choices/13/featreq/0,choices/13/spelllevelreq,choices/14/name,choices/14/defaultDuration,choices/14/featreq/0,choices/14/spelllevelreq,choices/15/name,choices/15/defaultDuration,choices/15/featreq/0,choices/15/featreq/1,choices/15/spelllevelreq,choices/16/name,choices/16/defaultDuration,choices/17/name,choices/17/defaultDuration,choices/18/name,choices/18/defaultDuration,choices/19/name,choices/19/defaultDuration,choices/20/name,choices/20/defaultDuration,choices/21/name,choices/21/defaultDuration,choices/22/name,choices/22/defaultDuration,choices/23/name,choices/23/defaultDuration,choices/24/name,choices/24/defaultDuration,choices/25/name,choices/25/defaultDuration,choices/26/name,choices/26/defaultDuration,choices/27/name,choices/27/defaultDuration,choices/28/name,choices/28/defaultDuration,effects/0/affected,effects/0/cumulative/0,effects/0/show,effects/0/setValue,effects/0/toggle,effects/0/type,effects/0/value,effects/1/affected,effects/1/show,effects/1/setValue,effects/1/toggle,effects/1/type,effects/1/value,effects/2/affected,effects/2/show,effects/2/setValue,effects/2/toggle,effects/2/type,effects/2/value,effects/3/affected,effects/3/show,effects/3/setValue,effects/3/toggle,effects/3/type,effects/3/value,effects/4/affected,effects/4/show,effects/4/setValue,effects/4/type,effects/4/value,effects/5/affected,effects/5/show,effects/5/setValue,effects/5/type,effects/5/value,effects/6/affected,effects/6/show,effects/6/setValue,effects/6/type,effects/6/value,effects/7/affected,effects/7/show,effects/7/setValue,effects/7/type,effects/7/value,effects/8/affected,effects/8/show,effects/8/setValue,effects/8/toggle,effects/8/type,effects/8/value,effects/9/affected,effects/9/show,effects/9/setValue,effects/9/toggle,effects/9/value,effects/10/affected,effects/10/setValue,effects/10/value,effects/11/affected,effects/11/setValue,effects/11/toggle,effects/11/value,effects/12/affected,effects/12/setValue,effects/12/toggle,effects/12/type,effects/12/value,effects/13/affected,effects/13/setValue,effects/13/type,effects/13/value,effects/14/affected,effects/14/setValue,effects/14/value,effects/15/affected,effects/15/toggle,effects/15/value,effects/16/affected,effects/16/setValue,effects/16/value,effects/17/affected,effects/17/cumulative/0,effects/17/cumulative/1,effects/17/type,effects/17/value,effects/18/affected,effects/18/setValue,effects/18/value,effects/19/affected,effects/19/setValue,effects/19/value,onceEffects/0/affected,onceEffects/0/value,endEffects/0/affected,endEffects/0/source,endEffects/0/value,gainActivities/0/_className,gainActivities/0/name,gainActivities/0/source,gainActivities/1/_className,gainActivities/1/name,gainActivities/1/source,gainConditions/0/activationPrerequisite,gainConditions/0/addValue,gainConditions/0/choice,gainConditions/0/choiceLocked,gainConditions/0/conditionChoiceFilter,gainConditions/0/duration,gainConditions/0/heightened,gainConditions/0/ignorePersistent,gainConditions/0/lockedByParent,gainConditions/0/valueLockedByParent,gainConditions/0/name,gainConditions/0/persistent,gainConditions/0/ignorePersistentAtChoiceChange,gainConditions/0/value,gainConditions/1/activationPrerequisite,gainConditions/1/addValue,gainConditions/1/choice,gainConditions/1/choiceLocked,gainConditions/1/conditionChoiceFilter,gainConditions/1/duration,gainConditions/1/heightened,gainConditions/1/lockedByParent,gainConditions/1/valueLockedByParent,gainConditions/1/name,gainConditions/1/persistent,gainConditions/1/ignorePersistentAtChoiceChange,gainConditions/1/value,gainConditions/2/activationPrerequisite,gainConditions/2/addValue,gainConditions/2/choice,gainConditions/2/choiceLocked,gainConditions/2/conditionChoiceFilter,gainConditions/2/duration,gainConditions/2/heightened,gainConditions/2/lockedByParent,gainConditions/2/valueLockedByParent,gainConditions/2/name,gainConditions/2/persistent,gainConditions/2/ignorePersistentAtChoiceChange,gainConditions/2/value,gainConditions/3/activationPrerequisite,gainConditions/3/addValue,gainConditions/3/choice,gainConditions/3/choiceLocked,gainConditions/3/conditionChoiceFilter,gainConditions/3/duration,gainConditions/3/heightened,gainConditions/3/lockedByParent,gainConditions/3/valueLockedByParent,gainConditions/3/name,gainConditions/3/persistent,gainConditions/3/ignorePersistentAtChoiceChange,gainConditions/3/value,gainConditions/4/activationPrerequisite,gainConditions/4/addValue,gainConditions/4/choice,gainConditions/4/choiceLocked,gainConditions/4/conditionChoiceFilter,gainConditions/4/duration,gainConditions/4/heightened,gainConditions/4/lockedByParent,gainConditions/4/valueLockedByParent,gainConditions/4/name,gainConditions/4/persistent,gainConditions/4/ignorePersistentAtChoiceChange,gainConditions/4/value,gainConditions/5/activationPrerequisite,gainConditions/5/choice,gainConditions/5/choiceLocked,gainConditions/5/conditionChoiceFilter,gainConditions/5/duration,gainConditions/5/heightened,gainConditions/5/name,gainConditions/5/persistent,gainConditions/5/value,gainConditions/6/activationPrerequisite,gainConditions/6/choice,gainConditions/6/choiceLocked,gainConditions/6/conditionChoiceFilter,gainConditions/6/duration,gainConditions/6/heightened,gainConditions/6/name,gainConditions/6/value,gainConditions/7/activationPrerequisite,gainConditions/7/choice,gainConditions/7/choiceLocked,gainConditions/7/conditionChoiceFilter,gainConditions/7/duration,gainConditions/7/heightened,gainConditions/7/name,gainConditions/7/value,gainConditions/8/activationPrerequisite,gainConditions/8/choice,gainConditions/8/choiceLocked,gainConditions/8/conditionChoiceFilter,gainConditions/8/duration,gainConditions/8/heightened,gainConditions/8/name,gainConditions/9/activationPrerequisite,gainConditions/9/choice,gainConditions/9/choiceLocked,gainConditions/9/conditionChoiceFilter,gainConditions/9/duration,gainConditions/9/heightened,gainConditions/9/persistent,gainConditions/9/name,gainConditions/10/activationPrerequisite,gainConditions/10/choice,gainConditions/10/choiceLocked,gainConditions/10/conditionChoiceFilter,gainConditions/10/duration,gainConditions/10/heightened,gainConditions/10/name,gainConditions/11/activationPrerequisite,gainConditions/11/choice,gainConditions/11/choiceLocked,gainConditions/11/conditionChoiceFilter,gainConditions/11/duration,gainConditions/11/heightened,gainConditions/11/name,gainConditions/12/activationPrerequisite,gainConditions/12/choice,gainConditions/12/choiceLocked,gainConditions/12/conditionChoiceFilter,gainConditions/12/duration,gainConditions/12/name,gainConditions/13/activationPrerequisite,gainConditions/13/choice,gainConditions/13/choiceLocked,gainConditions/13/conditionChoiceFilter,gainConditions/13/duration,gainConditions/13/name,gainConditions/14/activationPrerequisite,gainConditions/14/choice,gainConditions/14/choiceLocked,gainConditions/14/conditionChoiceFilter,gainConditions/14/duration,gainConditions/14/name,gainConditions/15/activationPrerequisite,gainConditions/15/choice,gainConditions/15/choiceLocked,gainConditions/15/conditionChoiceFilter,gainConditions/15/duration,gainConditions/15/name,gainConditions/16/activationPrerequisite,gainConditions/16/choice,gainConditions/16/choiceLocked,gainConditions/16/conditionChoiceFilter,gainConditions/16/duration,gainConditions/16/name,gainConditions/17/activationPrerequisite,gainConditions/17/choice,gainConditions/17/choiceLocked,gainConditions/17/conditionChoiceFilter,gainConditions/17/duration,gainConditions/17/name,gainConditions/18/activationPrerequisite,gainConditions/18/choice,gainConditions/18/choiceLocked,gainConditions/18/conditionChoiceFilter,gainConditions/18/duration,gainConditions/18/name,gainConditions/19/activationPrerequisite,gainConditions/19/choice,gainConditions/19/choiceLocked,gainConditions/19/conditionChoiceFilter,gainConditions/19/duration,gainConditions/19/name,gainConditions/20/activationPrerequisite,gainConditions/20/choice,gainConditions/20/choiceLocked,gainConditions/20/conditionChoiceFilter,gainConditions/20/duration,gainConditions/20/name,gainConditions/21/activationPrerequisite,gainConditions/21/choice,gainConditions/21/choiceLocked,gainConditions/21/conditionChoiceFilter,gainConditions/21/duration,gainConditions/21/name,gainConditions/22/activationPrerequisite,gainConditions/22/choice,gainConditions/22/choiceLocked,gainConditions/22/conditionChoiceFilter,gainConditions/22/duration,gainConditions/22/name,gainConditions/23/activationPrerequisite,gainConditions/23/choice,gainConditions/23/choiceLocked,gainConditions/23/conditionChoiceFilter,gainConditions/23/duration,gainConditions/23/name,gainConditions/24/activationPrerequisite,gainConditions/24/choice,gainConditions/24/choiceLocked,gainConditions/24/conditionChoiceFilter,gainConditions/24/duration,gainConditions/24/name,overrideConditions/0,overrideConditions/1,overrideConditions/2,overrideConditions/3,overrideConditions/4,endConditions/0,endConditions/1,endConditions/2,endConditions/3,endConditions/4,endConditions/5,endConditions/6,endConditions/7,gainItems/0/conditionChoiceFilter,gainItems/0/heightenedFilter,gainItems/0/name,gainItems/0/type,gainItems/1/conditionChoiceFilter,gainItems/1/heightenedFilter,gainItems/1/name,gainItems/1/type,gainItems/2/conditionChoiceFilter,gainItems/2/heightenedFilter,gainItems/2/name,gainItems/2/type,gainItems/3/conditionChoiceFilter,gainItems/3/heightenedFilter,gainItems/3/name,gainItems/3/type,gainItems/4/conditionChoiceFilter,gainItems/4/heightenedFilter,gainItems/4/name,gainItems/4/type,gainItems/5/conditionChoiceFilter,gainItems/5/heightenedFilter,gainItems/5/name,gainItems/5/type,gainItems/6/conditionChoiceFilter,gainItems/6/heightenedFilter,gainItems/6/name,gainItems/6/type,gainItems/7/conditionChoiceFilter,gainItems/7/heightenedFilter,gainItems/7/name,gainItems/7/type,gainItems/8/conditionChoiceFilter,gainItems/8/heightenedFilter,gainItems/8/name,gainItems/8/type,gainItems/9/conditionChoiceFilter,gainItems/9/heightenedFilter,gainItems/9/name,gainItems/9/type,gainItems/10/conditionChoiceFilter,gainItems/10/heightenedFilter,gainItems/10/name,gainItems/10/type,gainItems/11/conditionChoiceFilter,gainItems/11/heightenedFilter,gainItems/11/name,gainItems/11/type,gainItems/12/conditionChoiceFilter,gainItems/12/heightenedFilter,gainItems/12/name,gainItems/12/type,gainItems/13/conditionChoiceFilter,gainItems/13/heightenedFilter,gainItems/13/name,gainItems/13/type,gainItems/14/conditionChoiceFilter,gainItems/14/heightenedFilter,gainItems/14/name,gainItems/14/type,gainItems/15/conditionChoiceFilter,gainItems/15/heightenedFilter,gainItems/15/name,gainItems/15/type,gainItems/16/conditionChoiceFilter,gainItems/16/heightenedFilter,gainItems/16/name,gainItems/16/type,gainItems/17/conditionChoiceFilter,gainItems/17/heightenedFilter,gainItems/17/name,gainItems/17/type,gainItems/18/conditionChoiceFilter,gainItems/18/heightenedFilter,gainItems/18/name,gainItems/18/type,gainItems/19/conditionChoiceFilter,gainItems/19/heightenedFilter,gainItems/19/name,gainItems/19/type,gainItems/20/conditionChoiceFilter,gainItems/20/heightenedFilter,gainItems/20/name,gainItems/20/type,gainItems/21/conditionChoiceFilter,gainItems/21/heightenedFilter,gainItems/21/name,gainItems/21/type,gainItems/22/conditionChoiceFilter,gainItems/22/heightenedFilter,gainItems/22/name,gainItems/22/type,gainItems/23/conditionChoiceFilter,gainItems/23/heightenedFilter,gainItems/23/name,gainItems/23/type,gainItems/24/conditionChoiceFilter,gainItems/24/heightenedFilter,gainItems/24/name,gainItems/24/type,gainItems/25/conditionChoiceFilter,gainItems/25/heightenedFilter,gainItems/25/name,gainItems/25/type,gainItems/26/conditionChoiceFilter,gainItems/26/heightenedFilter,gainItems/26/name,gainItems/26/type,gainItems/27/conditionChoiceFilter,gainItems/27/heightenedFilter,gainItems/27/name,gainItems/27/type,gainItems/28/conditionChoiceFilter,gainItems/28/heightenedFilter,gainItems/28/name,gainItems/28/type,gainItems/29/conditionChoiceFilter,gainItems/29/heightenedFilter,gainItems/29/name,gainItems/29/type,nextCondition/duration,nextCondition/conditionChoiceFilter,nextCondition/choice,nextCondition/name,senses/0/conditionChoiceFilter,senses/0/name,senses/1/conditionChoiceFilter,senses/1/name,senses/2/conditionChoiceFilter,senses/2/name,senses/3/conditionChoiceFilter,senses/3/name,senses/4/conditionChoiceFilter,senses/4/name,senses/5/conditionChoiceFilter,senses/5/name,attackRestrictions/0/conditionChoiceFilter,attackRestrictions/0/excluding,attackRestrictions/0/name,attackRestrictions/1/conditionChoiceFilter,attackRestrictions/1/name,attackRestrictions/2/conditionChoiceFilter,attackRestrictions/2/name,attackRestrictions/3/conditionChoiceFilter,attackRestrictions/3/name,attackRestrictions/4/conditionChoiceFilter,attackRestrictions/4/name,attackRestrictions/5/conditionChoiceFilter,attackRestrictions/5/name,attackRestrictions/6/conditionChoiceFilter,attackRestrictions/6/name,attackRestrictions/7/conditionChoiceFilter,attackRestrictions/7/name,attackRestrictions/8/conditionChoiceFilter,attackRestrictions/8/name,attackRestrictions/9/conditionChoiceFilter,attackRestrictions/9/name,attackRestrictions/10/conditionChoiceFilter,attackRestrictions/10/name,attackRestrictions/11/conditionChoiceFilter,attackRestrictions/11/name,attackRestrictions/12/conditionChoiceFilter,attackRestrictions/12/name,attackRestrictions/13/conditionChoiceFilter,attackRestrictions/13/name,attackRestrictions/14/conditionChoiceFilter,attackRestrictions/14/name,attackRestrictions/15/conditionChoiceFilter,attackRestrictions/15/name,attackRestrictions/16/conditionChoiceFilter,attackRestrictions/16/name,attackRestrictions/17/conditionChoiceFilter,attackRestrictions/17/name,attackRestrictions/18/conditionChoiceFilter,attackRestrictions/18/name,attackRestrictions/19/conditionChoiceFilter,attackRestrictions/19/name,attackRestrictions/20/conditionChoiceFilter,attackRestrictions/20/name,attackRestrictions/21/conditionChoiceFilter,attackRestrictions/21/name,attackRestrictions/22/conditionChoiceFilter,attackRestrictions/22/name,attackRestrictions/23/conditionChoiceFilter,attackRestrictions/23/name,attackRestrictions/24/conditionChoiceFilter,attackRestrictions/24/name,attackRestrictions/25/conditionChoiceFilter,attackRestrictions/25/name,attackRestrictions/26/conditionChoiceFilter,attackRestrictions/26/name,attackRestrictions/27/conditionChoiceFilter,attackRestrictions/27/name,attackRestrictions/28/conditionChoiceFilter,attackRestrictions/28/name,heightenedDescs/0/level,heightenedDescs/0/descs/0/value,heightenedDescs/0/descs/0/variable,heightenedDescs/0/descs/1/value,heightenedDescs/0/descs/1/variable,heightenedDescs/0/descs/2/value,heightenedDescs/0/descs/2/variable,heightenedDescs/0/descs/3/value,heightenedDescs/0/descs/3/variable,heightenedDescs/0/descs/4/value,heightenedDescs/0/descs/4/variable,heightenedDescs/0/descs/5/value,heightenedDescs/0/descs/5/variable,heightenedDescs/0/descs/6/value,heightenedDescs/0/descs/6/variable,heightenedDescs/0/descs/7/value,heightenedDescs/0/descs/7/variable,heightenedDescs/0/descs/8/value,heightenedDescs/0/descs/8/variable,heightenedDescs/0/descs/9/value,heightenedDescs/0/descs/9/variable,heightenedDescs/0/descs/10/value,heightenedDescs/0/descs/10/variable,heightenedDescs/0/descs/11/value,heightenedDescs/0/descs/11/variable,heightenedDescs/1/level,heightenedDescs/1/descs/0/value,heightenedDescs/1/descs/0/variable,heightenedDescs/1/descs/1/value,heightenedDescs/1/descs/1/variable,heightenedDescs/1/descs/2/value,heightenedDescs/1/descs/2/variable,heightenedDescs/1/descs/3/value,heightenedDescs/1/descs/3/variable,heightenedDescs/1/descs/4/value,heightenedDescs/1/descs/4/variable,heightenedDescs/1/descs/5/value,heightenedDescs/1/descs/5/variable,heightenedDescs/1/descs/6/value,heightenedDescs/1/descs/6/variable,heightenedDescs/1/descs/7/value,heightenedDescs/1/descs/7/variable,heightenedDescs/1/descs/8/value,heightenedDescs/1/descs/8/variable,heightenedDescs/1/descs/9/value,heightenedDescs/1/descs/9/variable,heightenedDescs/1/descs/10/value,heightenedDescs/1/descs/10/variable,heightenedDescs/1/descs/11/value,heightenedDescs/1/descs/11/variable,heightenedDescs/2/level,heightenedDescs/2/descs/0/value,heightenedDescs/2/descs/0/variable,heightenedDescs/2/descs/1/value,heightenedDescs/2/descs/1/variable,heightenedDescs/2/descs/2/value,heightenedDescs/2/descs/2/variable,heightenedDescs/2/descs/3/value,heightenedDescs/2/descs/3/variable,heightenedDescs/2/descs/4/value,heightenedDescs/2/descs/4/variable,heightenedDescs/2/descs/5/value,heightenedDescs/2/descs/5/variable,heightenedDescs/2/descs/6/value,heightenedDescs/2/descs/6/variable,heightenedDescs/2/descs/7/value,heightenedDescs/2/descs/7/variable,heightenedDescs/2/descs/8/value,heightenedDescs/2/descs/8/variable,heightenedDescs/2/descs/9/value,heightenedDescs/2/descs/9/variable,heightenedDescs/2/descs/10/value,heightenedDescs/2/descs/10/variable,heightenedDescs/2/descs/11/value,heightenedDescs/2/descs/11/variable,heightenedDescs/3/level,heightenedDescs/3/descs/0/value,heightenedDescs/3/descs/0/variable,heightenedDescs/3/descs/1/value,heightenedDescs/3/descs/1/variable,heightenedDescs/3/descs/2/value,heightenedDescs/3/descs/2/variable,heightenedDescs/3/descs/3/value,heightenedDescs/3/descs/3/variable,heightenedDescs/3/descs/4/value,heightenedDescs/3/descs/4/variable,heightenedDescs/3/descs/5/value,heightenedDescs/3/descs/5/variable,heightenedDescs/3/descs/6/value,heightenedDescs/3/descs/6/variable,heightenedDescs/3/descs/7/value,heightenedDescs/3/descs/7/variable,heightenedDescs/4/level,heightenedDescs/4/descs/0/value,heightenedDescs/4/descs/0/variable,heightenedDescs/4/descs/1/value,heightenedDescs/4/descs/1/variable,heightenedDescs/4/descs/2/value,heightenedDescs/4/descs/2/variable,heightenedDescs/4/descs/3/value,heightenedDescs/4/descs/3/variable,heightenedDescs/5/level,heightenedDescs/5/descs/0/value,heightenedDescs/5/descs/0/variable,heightenedDescs/5/descs/1/value,heightenedDescs/5/descs/1/variable,heightenedDescs/5/descs/2/value,heightenedDescs/5/descs/2/variable,heightenedDescs/5/descs/3/value,heightenedDescs/5/descs/3/variable,heightenedDescs/6/level,heightenedDescs/6/descs/0/value,heightenedDescs/6/descs/0/variable,heightenedDescs/6/descs/1/value,heightenedDescs/6/descs/1/variable,heightenedDescs/6/descs/2/value,heightenedDescs/6/descs/2/variable,heightenedDescs/6/descs/3/value,heightenedDescs/6/descs/3/variable,heightenedDescs/7/level,heightenedDescs/7/descs/0/value,heightenedDescs/7/descs/0/variable,heightenedDescs/7/descs/1/value,heightenedDescs/7/descs/1/variable,heightenedDescs/8/level,heightenedDescs/8/descs/0/value,heightenedDescs/8/descs/0/variable,heightenedDescs/8/descs/1/value,heightenedDescs/8/descs/1/variable,heightenedDescs/9/level,heightenedDescs/9/descs/0/value,heightenedDescs/9/descs/0/variable,heightenedDescs/9/descs/1/value,heightenedDescs/9/descs/1/variable
Balisse Feather,"After being damaged with a weapon with the balisse feather affixed, you burn with holy light. You must succeed at a DC 29 Will save or take a -2 status penalty to AC and saving throws and reduce your resistances by 5. These effects last until the end of the attacker's next turn.",talismans,,0,,,,12,,,,,,,,,,,,,,,,,,,,,,,,,,,,,,,,,,,,,,,,,,,,,,,,,,,,,,,,,,,,,,,,,,,,,,,,,,,,,,,,,,,,,,,,,,,,,,,,,,,,,,,,,,,,,,,,,,,,,,,,,,,,,,,Failure,Success,0,,,,Failure,12,,,,,,,,,,,,,,,,,,,,,,,,,,,,,,,,,,,,,,,,,,,,,,,,,,,,,,,,,,,,,,,,,,,,,,,,,,,,,,,,,,,,,,,,,,,AC,,,,,status,Choice == 'Failure' ? -2 : 0,Saving Throws,,,,status,Choice == 'Failure' ? -2 : 0,Resistances,,,,,Choice == 'Failure' ? -5 : 0,,,,,,,,,,,,,,,,,,,,,,,,,,,,,,,,,,,,,,,,,,,,,,,,,,,,,,,,,,,,,,,,,,,,,,,,,,,,,,,,,,,,,,,,,,,,,,,,,,,,,,,,,,,,,,,,,,,,,,,,,,,,,,,,,,,,,,,,,,,,,,,,,,,,,,,,,,,,,,,,,,,,,,,,,,,,,,,,,,,,,,,,,,,,,,,,,,,,,,,,,,,,,,,,,,,,,,,,,,,,,,,,,,,,,,,,,,,,,,,,,,,,,,,,,,,,,,,,,,,,,,,,,,,,,,,,,,,,,,,,,,,,,,,,,,,,,,,,,,,,,,,,,,,,,,,,,,,,,,,,,,,,,,,,,,,,,,,,,,,,,,,,,,,,,,,,,,,,,,,,,,,,,,,,,,,,,,,,,,,,,,,,,,,,,,,,,,,,,,,,,,,,,,,,,,,,,,,,,,,,,,,,,,,,,,,,,,,,,,,,,,,,,,,,,,,,,,,,,,,,,,,,,,,,,,,,,,,,,,,,,,,,,,,,,,,,,,,,,,,,,,,,,,,,,,,,,,,,,,,,,,,,,,,,,,,,,,,,,,,,,,,,,,,,,,,,,,,,,,,,,,,,,,,,,,,,,,,,,,,,,,,,,,,,,,,,,,,,,,,,,,,,,,,,,,,,,,,,,,,,,,,,
Basilisk Eye,"After your attack was blocked by a shield with the basilisk eye affixed, you must succeed at a DC 25 Fortitude save or become slowed 1 for 1 minute as your body slowly stiffens in partial petrification.",talismans,,0,,,,100,,,,,,,,,,,,,,,,,,,,,,,,,,,,,,,,,,,,,,,,,,,,,,,,,,,,,,,,,,,,,,,,,,,,,,,,,,,,,,,,,,,,,,,,,,,,,,,,,,,,,,,,,,,,,,,,,,,,,,,,,,,,,,,Failure,Success,0,,,,Failure,100,,,,,,,,,,,,,,,,,,,,,,,,,,,,,,,,,,,,,,,,,,,,,,,,,,,,,,,,,,,,,,,,,,,,,,,,,,,,,,,,,,,,,,,,,,,,,,,,,,,,,,,,,,,,,,,,,,,,,,,,,,,,,,,,,,,,,,,,,,,,,,,,,,,,,,,,,,,,,,,,,,,,,,,,,,,,,,,,,,,,,,,,,,,,,,,,,,,,,,Failure,,,,,,Slowed,,,1,,,,,,,,,,,,,,,,,,,,,,,,,,,,,,,,,,,,,,,,,,,,,,,,,,,,,,,,,,,,,,,,,,,,,,,,,,,,,,,,,,,,,,,,,,,,,,,,,,,,,,,,,,,,,,,,,,,,,,,,,,,,,,,,,,,,,,,,,,,,,,,,,,,,,,,,,,,,,,,,,,,,,,,,,,,,,,,,,,,,,,,,,,,,,,,,,,,,,,,,,,,,,,,,,,,,,,,,,,,,,,,,,,,,,,,,,,,,,,,,,,,,,,,,,,,,,,,,,,,,,,,,,,,,,,,,,,,,,,,,,,,,,,,,,,,,,,,,,,,,,,,,,,,,,,,,,,,,,,,,,,,,,,,,,,,,,,,,,,,,,,,,,,,,,,,,,,,,,,,,,,,,,,,,,,,,,,,,,,,,,,,,,,,,,,,,,,,,,,,,,,,,,,,,,,,,,,,,,,,,,,,,,,,,,,,,,,,,,,,,,,,,,,,,,,,,,,,,,,,,,,,,,,,,,,,,,,,,,,,,,,,,,,,,,,,,,,,,,,,,,,,,,,,,,,,,,,,,,,,,,,,,,,
Dragon Turtle Scale,You gain a swim Speed equal to half your land Speed.,talismans,,0,,,TRUE,100,,,,,,,,,,,,,,,,,,,,,,,,,,,,,,,,,,,,,,,,,,,,,,,,,,,,,,,,,,,,,,,,,,,,,,,,,,,,,,,,,,,,,,,,,,,,,,,,,,,,,,,,,,,,,,,,,,,,,,,,,,,,,,,,,,,,,,,,,,,,,,,,,,,,,,,,,,,,,,,,,,,,,,,,,,,,,,,,,,,,,,,,,,,,,,,,,,,,,,,,,,,,,,,,,,,,,,,,,,,,,,,,,Swim Speed,,,"Math.max(Math.floor(Speed('Land Speed') / 2 / 5) * 5, 5)",,,,,,,,,,,,,,,,,,,,,,,,,,,,,,,,,,,,,,,,,,,,,,,,,,,,,,,,,,,,,,,,,,,,,,,,,,,,,,,,,,,,,,,,,,,,,,,,,,,,,,,,,,,,,,,,,,,,,,,,,,,,,,,,,,,,,,,,,,,,,,,,,,,,,,,,,,,,,,,,,,,,,,,,,,,,,,,,,,,,,,,,,,,,,,,,,,,,,,,,,,,,,,,,,,,,,,,,,,,,,,,,,,,,,,,,,,,,,,,,,,,,,,,,,,,,,,,,,,,,,,,,,,,,,,,,,,,,,,,,,,,,,,,,,,,,,,,,,,,,,,,,,,,,,,,,,,,,,,,,,,,,,,,,,,,,,,,,,,,,,,,,,,,,,,,,,,,,,,,,,,,,,,,,,,,,,,,,,,,,,,,,,,,,,,,,,,,,,,,,,,,,,,,,,,,,,,,,,,,,,,,,,,,,,,,,,,,,,,,,,,,,,,,,,,,,,,,,,,,,,,,,,,,,,,,,,,,,,,,,,,,,,,,,,,,,,,,,,,,,,,,,,,,,,,,,,,,,,,,,,,,,,,,,,,,,,,,,,,,,,,,,,,,,,,,,,,,,,,,,,,,,,,,,,,,,,,,,,,,,,,,,,,,,,,,,,,,,,,,,,,,,,,,,,,,,,,,,,,,,,,,,,,,,,,,,,,,,,,,
Effervescent Ampoule,"The effervescent ampoule lets you move across water and other liquids as if they were solid ground. If you Stride or Step over a weight-sensitive pressure plate, you don't cause the plate to depress, which prevents you from triggering any device or hazard attached to the pressure plate. When the ampoule's effect ends, you sink, fall, break through flimsy ground, or land on pressure plates as normal for your current location.",talismans,,0,,,TRUE,5,,,,,,,,,,,,,,,,,,,,"You can move across water and other liquids as if they were solid ground. If you Stride or Step over a weight-sensitive pressure plate, you don't cause the plate to depress, which prevents you from triggering any device or hazard attached to the pressure plate. When the effect ends, you sink, fall, break through flimsy ground, or land on pressure plates as normal for your current location.",Movement,,,,,,,,,,,,,,,,,,,,,,,,,,,,,,,,,,,,,,,,,,,,,,,,,,,,,,,,,,,,,,,,,,,,,,,,,,,,,,,,,,,,,,,,,,,,,,,,,,,,,,,,,,,,,,,,,,,,,,,,,,,,,,,,,,,,,,,,,,,,,,,,,,,,,,,,,,,,,,,,,,,,,,,,,,,,,,,,,,,,,,,,,,,,,,,,,,,,,,,,,,,,,,,,,,,,,,,,,,,,,,,,,,,,,,,,,,,,,,,,,,,,,,,,,,,,,,,,,,,,,,,,,,,,,,,,,,,,,,,,,,,,,,,,,,,,,,,,,,,,,,,,,,,,,,,,,,,,,,,,,,,,,,,,,,,,,,,,,,,,,,,,,,,,,,,,,,,,,,,,,,,,,,,,,,,,,,,,,,,,,,,,,,,,,,,,,,,,,,,,,,,,,,,,,,,,,,,,,,,,,,,,,,,,,,,,,,,,,,,,,,,,,,,,,,,,,,,,,,,,,,,,,,,,,,,,,,,,,,,,,,,,,,,,,,,,,,,,,,,,,,,,,,,,,,,,,,,,,,,,,,,,,,,,,,,,,,,,,,,,,,,,,,,,,,,,,,,,,,,,,,,,,,,,,,,,,,,,,,,,,,,,,,,,,,,,,,,,,,,,,,,,,,,,,,,,,,,,,,,,,,,,,,,,,,,,,,,,,,,,,,,,,,,,,,,,,,,,,,,,,,,,,,,,,,,,,,,,,,,,,,,,,,,,,,,,,,,,,,,,,,,,,,,,,,,,,,,,,,,,,,,,,,,,,,,,,,,,,,,,,,,,,,,,,,,,,,,,,,,,,,,,,,,,,,,,,,,,,,,,,,,,,,,,,,,,,,,,,,,,,,,,,,,,,,,,,,,,,,,,,,,,,,,,,,,,,,,,,,,,,,,,,,
Emergency Disguise,"The emergency disguise talisman has applied a disguise to you, allowing you to Impersonate without taking the time to assemble a convincing disguise first. The components the disguise creates can appear to be worth up to 3 gp total. The instant nature of the disguise leaves a few traces of its haphazard nature, imposing a -2 circumstance penalty on checks to Impersonate using the disguise. Wearers with the Quick Disguise feat don't take this penalty. Any objects created as a part of the disguise disappear after 24 hours or after you remove them.",talismans,,0,,,TRUE,144000,,,,,,,,,,,,,,,,,,,,You take a -2 circumstance penalty on checks to Impersonate using the emergency disguise. Wearers with the Quick Disguise feat don't take this penalty.,Deception,Deception,,,circumstance,"Has_Feat(Creature.type, 'Quick Disguise') ? 0 : -2",,,,,,,,,,,,,,,,,,,,,,,,,,,,,,,,,,,,,,,,,,,,,,,,,,,,,,,,,,,,,,,,,,,,,,,,,,,,,,,,,,,,,,,,,,,,,,,,,,,,,,,,,,,,,,,,,,,,,,,,,,,,,,,,,,,,,,,,,,,,,,,,,,,,,,,,,,,,,,,,,,,,,,,,,,,,,,,,,,,,,,,,,,,,,,,,,,,,,,,,,,,,,,,,,,,,,,,,,,,,,,,,,,,,,,,,,,,,,,,,,,,,,,,,,,,,,,,,,,,,,,,,,,,,,,,,,,,,,,,,,,,,,,,,,,,,,,,,,,,,,,,,,,,,,,,,,,,,,,,,,,,,,,,,,,,,,,,,,,,,,,,,,,,,,,,,,,,,,,,,,,,,,,,,,,,,,,,,,,,,,,,,,,,,,,,,,,,,,,,,,,,,,,,,,,,,,,,,,,,,,,,,,,,,,,,,,,,,,,,,,,,,,,,,,,,,,,,,,,,,,,,,,,,,,,,,,,,,,,,,,,,,,,,,,,,,,,,,,,,,,,,,,,,,,,,,,,,,,,,,,,,,,,,,,,,,,,,,,,,,,,,,,,,,,,,,,,,,,,,,,,,,,,,,,,,,,,,,,,,,,,,,,,,,,,,,,,,,,,,,,,,,,,,,,,,,,,,,,,,,,,,,,,,,,,,,,,,,,,,,,,,,,,,,,,,,,,,,,,,,,,,,,,,,,,,,,,,,,,,,,,,,,,,,,,,,,,,,,,,,,,,,,,,,,,,,,,,,,,,,,,,,,,,,,,,,,,,,,,,,,,,,,,,,,,,,,,,,,,,,,,,,,,,,,,,,,,,,,,,,,,,,,,,,,,,,,,,,,,,,,,,,,,,,,,,,,,,,,,,,,,,,,,,,,,,,,,,,,,,,,
Feather Step Stone,You ignore the effects of any difficult terrain and greater difficult terrain you move through.,talismans,,0,,,TRUE,5,,,,,,,,,,,,,,,,,,,,You ignore the effects of any difficult terrain and greater difficult terrain you move through.,Movement,,,,,,,,,,,,,,,,,,,,,,,,,,,,,,,,,,,,,,,,,,,,,,,,,,,,,,,,,,,,,,,,,,,,,,,,,,,,,,,,,,,,,,,,,,,,,,,,,,,,,,,,,,,,,,,,,,,,,,,,,,,,,,,,,,,,,,,,,,,,,,,,,,,,,,,,,,,,,,,,,,,,,,,,,,,,,,,,,,,,,,,,,,,,,,,,,,,,,,,,,,,,,,,,,,,,,,,,,,,,,,,,,,,,,,,,,,,,,,,,,,,,,,,,,,,,,,,,,,,,,,,,,,,,,,,,,,,,,,,,,,,,,,,,,,,,,,,,,,,,,,,,,,,,,,,,,,,,,,,,,,,,,,,,,,,,,,,,,,,,,,,,,,,,,,,,,,,,,,,,,,,,,,,,,,,,,,,,,,,,,,,,,,,,,,,,,,,,,,,,,,,,,,,,,,,,,,,,,,,,,,,,,,,,,,,,,,,,,,,,,,,,,,,,,,,,,,,,,,,,,,,,,,,,,,,,,,,,,,,,,,,,,,,,,,,,,,,,,,,,,,,,,,,,,,,,,,,,,,,,,,,,,,,,,,,,,,,,,,,,,,,,,,,,,,,,,,,,,,,,,,,,,,,,,,,,,,,,,,,,,,,,,,,,,,,,,,,,,,,,,,,,,,,,,,,,,,,,,,,,,,,,,,,,,,,,,,,,,,,,,,,,,,,,,,,,,,,,,,,,,,,,,,,,,,,,,,,,,,,,,,,,,,,,,,,,,,,,,,,,,,,,,,,,,,,,,,,,,,,,,,,,,,,,,,,,,,,,,,,,,,,,,,,,,,,,,,,,,,,,,,,,,,,,,,,,,,,,,,,,,,,,,,,,,,,,,,,,,,,,,,,,,,,,,,,,,,,,,,,,,,,,,,,,,,,,,,,,,,,,,,,,,,
Iron Medallion,You gain a +2 status bonus to saves against fear for the duration.,talismans,,0,,,TRUE,100,,,,,,,,,,,,,,,,,,,,You gain a +2 status bonus to saves against fear for the duration.,Saving Throws,Saving Throws,,,status,2,,,,,,,,,,,,,,,,,,,,,,,,,,,,,,,,,,,,,,,,,,,,,,,,,,,,,,,,,,,,,,,,,,,,,,,,,,,,,,,,,,,,,,,,,,,,,,,,,,,,,,,,,,,,,,,,,,,,,,,,,,,,,,,,,,,,,,,,,,,,,,,,,,,,,,,,,,,,,,,,,,,,,,,,,,,,,,,,,,,,,,,,,,,,,,,,,,,,,,,,,,,,,,,,,,,,,,,,,,,,,,,,,,,,,,,,,,,,,,,,,,,,,,,,,,,,,,,,,,,,,,,,,,,,,,,,,,,,,,,,,,,,,,,,,,,,,,,,,,,,,,,,,,,,,,,,,,,,,,,,,,,,,,,,,,,,,,,,,,,,,,,,,,,,,,,,,,,,,,,,,,,,,,,,,,,,,,,,,,,,,,,,,,,,,,,,,,,,,,,,,,,,,,,,,,,,,,,,,,,,,,,,,,,,,,,,,,,,,,,,,,,,,,,,,,,,,,,,,,,,,,,,,,,,,,,,,,,,,,,,,,,,,,,,,,,,,,,,,,,,,,,,,,,,,,,,,,,,,,,,,,,,,,,,,,,,,,,,,,,,,,,,,,,,,,,,,,,,,,,,,,,,,,,,,,,,,,,,,,,,,,,,,,,,,,,,,,,,,,,,,,,,,,,,,,,,,,,,,,,,,,,,,,,,,,,,,,,,,,,,,,,,,,,,,,,,,,,,,,,,,,,,,,,,,,,,,,,,,,,,,,,,,,,,,,,,,,,,,,,,,,,,,,,,,,,,,,,,,,,,,,,,,,,,,,,,,,,,,,,,,,,,,,,,,,,,,,,,,,,,,,,,,,,,,,,,,,,,,,,,,,,,,,,,,,,,,,,,,,,,,,,,,,,,,,,,,,,,,,,,,,,,,,,,,,,,,,,,,,,,,
Jade Bauble,The jade bauble magically draws the attention of foes. Enemies within the reach of the weapon the talisman is affixed to are flat-footed.,talismans,,0,,,TRUE,10,,,,,,,,,,,,,,,,,,,,Enemies within the reach of the weapon the jade bauble is affixed to are flat-footed.,Attacks,,,,,,,,,,,,,,,,,,,,,,,,,,,,,,,,,,,,,,,,,,,,,,,,,,,,,,,,,,,,,,,,,,,,,,,,,,,,,,,,,,,,,,,,,,,,,,,,,,,,,,,,,,,,,,,,,,,,,,,,,,,,,,,,,,,,,,,,,,,,,,,,,,,,,,,,,,,,,,,,,,,,,,,,,,,,,,,,,,,,,,,,,,,,,,,,,,,,,,,,,,,,,,,,,,,,,,,,,,,,,,,,,,,,,,,,,,,,,,,,,,,,,,,,,,,,,,,,,,,,,,,,,,,,,,,,,,,,,,,,,,,,,,,,,,,,,,,,,,,,,,,,,,,,,,,,,,,,,,,,,,,,,,,,,,,,,,,,,,,,,,,,,,,,,,,,,,,,,,,,,,,,,,,,,,,,,,,,,,,,,,,,,,,,,,,,,,,,,,,,,,,,,,,,,,,,,,,,,,,,,,,,,,,,,,,,,,,,,,,,,,,,,,,,,,,,,,,,,,,,,,,,,,,,,,,,,,,,,,,,,,,,,,,,,,,,,,,,,,,,,,,,,,,,,,,,,,,,,,,,,,,,,,,,,,,,,,,,,,,,,,,,,,,,,,,,,,,,,,,,,,,,,,,,,,,,,,,,,,,,,,,,,,,,,,,,,,,,,,,,,,,,,,,,,,,,,,,,,,,,,,,,,,,,,,,,,,,,,,,,,,,,,,,,,,,,,,,,,,,,,,,,,,,,,,,,,,,,,,,,,,,,,,,,,,,,,,,,,,,,,,,,,,,,,,,,,,,,,,,,,,,,,,,,,,,,,,,,,,,,,,,,,,,,,,,,,,,,,,,,,,,,,,,,,,,,,,,,,,,,,,,,,,,,,,,,,,,,,,,,,,,,,,,,,,,,,,,,,,,,,,,,,,,,,,,,,,,,,,,,,,,,,,
Jade Cat,"You treat all falls as 20 feet shorter, you are not flat-footed when you Balance, and narrow surfaces and uneven ground are not difficult terrain for you.",talismans,,0,,,TRUE,100,,,,,,,,,,,,,,,,,,,,"You treat all falls as 20 feet shorter, you are not flat-footed when you Balance, and narrow surfaces and uneven ground are not difficult terrain for you.","Movement, Acrobatics",,,,,,,,,,,,,,,,,,,,,,,,,,,,,,,,,,,,,,,,,,,,,,,,,,,,,,,,,,,,,,,,,,,,,,,,,,,,,,,,,,,,,,,,,,,,,,,,,,,,,,,,,,,,,,,,,,,,,,,,,,,,,,,,,,,,,,,,,,,,,,,,,,,,,,,,,,,,,,,,,,,,,,,,,,,,,,,,,,,,,,,,,,,,,,,,,,,,,,,,,,,,,,,,,,,,,,,,,,,,,,,,,,,,,,,,,,,,,,,,,,,,,,,,,,,,,,,,,,,,,,,,,,,,,,,,,,,,,,,,,,,,,,,,,,,,,,,,,,,,,,,,,,,,,,,,,,,,,,,,,,,,,,,,,,,,,,,,,,,,,,,,,,,,,,,,,,,,,,,,,,,,,,,,,,,,,,,,,,,,,,,,,,,,,,,,,,,,,,,,,,,,,,,,,,,,,,,,,,,,,,,,,,,,,,,,,,,,,,,,,,,,,,,,,,,,,,,,,,,,,,,,,,,,,,,,,,,,,,,,,,,,,,,,,,,,,,,,,,,,,,,,,,,,,,,,,,,,,,,,,,,,,,,,,,,,,,,,,,,,,,,,,,,,,,,,,,,,,,,,,,,,,,,,,,,,,,,,,,,,,,,,,,,,,,,,,,,,,,,,,,,,,,,,,,,,,,,,,,,,,,,,,,,,,,,,,,,,,,,,,,,,,,,,,,,,,,,,,,,,,,,,,,,,,,,,,,,,,,,,,,,,,,,,,,,,,,,,,,,,,,,,,,,,,,,,,,,,,,,,,,,,,,,,,,,,,,,,,,,,,,,,,,,,,,,,,,,,,,,,,,,,,,,,,,,,,,,,,,,,,,,,,,,,,,,,,,,,,,,,,,,,,,,,,,,,,,,,,,,,,,,,,,,,,,,,,,,,,,,,,,,,,,
Mummified Bat,"The weapon that the mummified bat is affixed to detects vibrations around you and guides your perception. You gain the benefits of the fighter Blind-Fight class feat for 1 minute:

You don't need to succeed at a flat check to target concealed creatures.
You're not flat-footed to creatures that are hidden from you (unless you're flat-footed to them for reasons other than the hidden condition).
You need only a successful DC 5 flat check to target a hidden creature.
While you're adjacent to an undetected creature of your level or lower, it is instead only hidden from you.",talismans,,0,,,TRUE,100,,,,,,,,,,,,,,,,,,,,"You don't need to succeed at a flat check to target concealed creatures. You're not flat-footed to creatures that are hidden from you (unless you're flat-footed to them for reasons other than the hidden condition), and you need only a successful DC 5 flat check to target a hidden creature.

While you're adjacent to an undetected creature of your level or lower, it is instead only hidden from you.","Attacks, Perception",,,,,,,,,,,,,,,,,,,,,,,,,,,,,,,,,,,,,,,,,,,,,,,,,,,,,,,,,,,,,,,,,,,,,,,,,,,,,,,,,,,,,,,,,,,,,,,,,,,,,,,,,,,,,,,,,,,,,,,,,,,,,,,,,,,,,,,,,,,,,,,,,,,,,,,,,,,,,,,,,,,,,,,,,,,,,,,,,,,,,,,,,,,,,,,,,,,,,,,,,,,,,,,,,,,,,,,,,,,,,,,,,,,,,,,,,,,,,,,,,,,,,,,,,,,,,,,,,,,,,,,,,,,,,,,,,,,,,,,,,,,,,,,,,,,,,,,,,,,,,,,,,,,,,,,,,,,,,,,,,,,,,,,,,,,,,,,,,,,,,,,,,,,,,,,,,,,,,,,,,,,,,,,,,,,,,,,,,,,,,,,,,,,,,,,,,,,,,,,,,,,,,,,,,,,,,,,,,,,,,,,,,,,,,,,,,,,,,,,,,,,,,,,,,,,,,,,,,,,,,,,,,,,,,,,,,,,,,,,,,,,,,,,,,,,,,,,,,,,,,,,,,,,,,,,,,,,,,,,,,,,,,,,,,,,,,,,,,,,,,,,,,,,,,,,,,,,,,,,,,,,,,,,,,,,,,,,,,,,,,,,,,,,,,,,,,,,,,,,,,,,,,,,,,,,,,,,,,,,,,,,,,,,,,,,,,,,,,,,,,,,,,,,,,,,,,,,,,,,,,,,,,,,,,,,,,,,,,,,,,,,,,,,,,,,,,,,,,,,,,,,,,,,,,,,,,,,,,,,,,,,,,,,,,,,,,,,,,,,,,,,,,,,,,,,,,,,,,,,,,,,,,,,,,,,,,,,,,,,,,,,,,,,,,,,,,,,,,,,,,,,,,,,,,,,,,,,,,,,,,,,,,,,,,,,,,,,,,,,,,,,,,,
Oily Button,"After you succeeded at an Athletics check to Disarm and activated the oily button, your attempts to Disarm your opponent of an item before the start of the opponent's next turn gain a +4 circumstance bonus instead of +2, and the -2 circumstance penalty to attacks with the item or other checks requiring a firm grasp on the item lasts until the end of its next turn or until it uses an Interact action to adjust its grip.",talismans,,0,,,TRUE,7,,,,,,,,,,,,,,,,,,,,Your attempts to Disarm your opponent of an item before the start of the opponent's next turn gain a +4 circumstance bonus instead of +2.,Athletics,Athletics,,,circumstance,4,,,,,,,,,,,,,,,,,,,,,,,,,,,,,,,,,,,,,,,,,,,,,,,,,,,,,,,,,,,,,,,,,,,,,,,,,,,,,,,,,,,,,,,,,,,,,,,,,,,,,,,,,,,,,,,,,,,,,,,,,,,,,,,,,,,,,,,,,,,,,,,,,,,,,,,,,,,,,,,,,,,,,,,,,,,,,,,,,,,,,,,,,,,,,,,,,,,,,,,,,,,,,,,,,,,,,,,,,,,,,,,,,,,,,,,,,,,,,,,,,,,,,,,,,,,,,,,,,,,,,,,,,,,,,,,,,,,,,,,,,,,,,,,,,,,,,,,,,,,,,,,,,,,,,,,,,,,,,,,,,,,,,,,,,,,,,,,,,,,,,,,,,,,,,,,,,,,,,,,,,,,,,,,,,,,,,,,,,,,,,,,,,,,,,,,,,,,,,,,,,,,,,,,,,,,,,,,,,,,,,,,,,,,,,,,,,,,,,,,,,,,,,,,,,,,,,,,,,,,,,,,,,,,,,,,,,,,,,,,,,,,,,,,,,,,,,,,,,,,,,,,,,,,,,,,,,,,,,,,,,,,,,,,,,,,,,,,,,,,,,,,,,,,,,,,,,,,,,,,,,,,,,,,,,,,,,,,,,,,,,,,,,,,,,,,,,,,,,,,,,,,,,,,,,,,,,,,,,,,,,,,,,,,,,,,,,,,,,,,,,,,,,,,,,,,,,,,,,,,,,,,,,,,,,,,,,,,,,,,,,,,,,,,,,,,,,,,,,,,,,,,,,,,,,,,,,,,,,,,,,,,,,,,,,,,,,,,,,,,,,,,,,,,,,,,,,,,,,,,,,,,,,,,,,,,,,,,,,,,,,,,,,,,,,,,,,,,,,,,,,,,,,,,,,,,,,,,,,,,,,,,,,,,,,,,,,,,,,,,,,
Onyx Panther,You can move your full Speed (instead of half) whenever you Sneak for the duration.,talismans,,0,,,TRUE,5,,,,,,,,,,,,,,,,,,,,You can move your full Speed (instead of half) whenever you Sneak.,"Movement, Stealth",,,,,,,,,,,,,,,,,,,,,,,,,,,,,,,,,,,,,,,,,,,,,,,,,,,,,,,,,,,,,,,,,,,,,,,,,,,,,,,,,,,,,,,,,,,,,,,,,,,,,,,,,,,,,,,,,,,,,,,,,,,,,,,,,,,,,,,,,,,,,,,,,,,,,,,,,,,,,,,,,,,,,,,,,,,,,,,,,,,,,,,,,,,,,,,,,,,,,,,,,,,,,,,,,,,,,,,,,,,,,,,,,,,,,,,,,,,,,,,,,,,,,,,,,,,,,,,,,,,,,,,,,,,,,,,,,,,,,,,,,,,,,,,,,,,,,,,,,,,,,,,,,,,,,,,,,,,,,,,,,,,,,,,,,,,,,,,,,,,,,,,,,,,,,,,,,,,,,,,,,,,,,,,,,,,,,,,,,,,,,,,,,,,,,,,,,,,,,,,,,,,,,,,,,,,,,,,,,,,,,,,,,,,,,,,,,,,,,,,,,,,,,,,,,,,,,,,,,,,,,,,,,,,,,,,,,,,,,,,,,,,,,,,,,,,,,,,,,,,,,,,,,,,,,,,,,,,,,,,,,,,,,,,,,,,,,,,,,,,,,,,,,,,,,,,,,,,,,,,,,,,,,,,,,,,,,,,,,,,,,,,,,,,,,,,,,,,,,,,,,,,,,,,,,,,,,,,,,,,,,,,,,,,,,,,,,,,,,,,,,,,,,,,,,,,,,,,,,,,,,,,,,,,,,,,,,,,,,,,,,,,,,,,,,,,,,,,,,,,,,,,,,,,,,,,,,,,,,,,,,,,,,,,,,,,,,,,,,,,,,,,,,,,,,,,,,,,,,,,,,,,,,,,,,,,,,,,,,,,,,,,,,,,,,,,,,,,,,,,,,,,,,,,,,,,,,,,,,,,,,,,,,,,,,,,,,,,,,,,,,,,,,,
Potency Crystal,"The weapon that the potency crystal is affixed to becomes a +1 striking weapon for the duration, gaining a +1 item bonus to the attack roll and increasing the damage on a hit to two weapon damage dice.",talismans,,0,,,TRUE,5,,,,,,,,,,,,,,,,,,,,"The weapon that the potency crystal is affixed to becomes a +1 striking weapon, gaining a +1 item bonus to the attack roll and increasing the damage on a hit to two weapon damage dice.",Attacks,Weapons Attack Rolls,,,item,1,Weapons Dice Number,,2,,,,,,,,,,,,,,,,,,,,,,,,,,,,,,,,,,,,,,,,,,,,,,,,,,,,,,,,,,,,,,,,,,,,,,,,,,,,,,,,,,,,,,,,,,,,,,,,,,,,,,,,,,,,,,,,,,,,,,,,,,,,,,,,,,,,,,,,,,,,,,,,,,,,,,,,,,,,,,,,,,,,,,,,,,,,,,,,,,,,,,,,,,,,,,,,,,,,,,,,,,,,,,,,,,,,,,,,,,,,,,,,,,,,,,,,,,,,,,,,,,,,,,,,,,,,,,,,,,,,,,,,,,,,,,,,,,,,,,,,,,,,,,,,,,,,,,,,,,,,,,,,,,,,,,,,,,,,,,,,,,,,,,,,,,,,,,,,,,,,,,,,,,,,,,,,,,,,,,,,,,,,,,,,,,,,,,,,,,,,,,,,,,,,,,,,,,,,,,,,,,,,,,,,,,,,,,,,,,,,,,,,,,,,,,,,,,,,,,,,,,,,,,,,,,,,,,,,,,,,,,,,,,,,,,,,,,,,,,,,,,,,,,,,,,,,,,,,,,,,,,,,,,,,,,,,,,,,,,,,,,,,,,,,,,,,,,,,,,,,,,,,,,,,,,,,,,,,,,,,,,,,,,,,,,,,,,,,,,,,,,,,,,,,,,,,,,,,,,,,,,,,,,,,,,,,,,,,,,,,,,,,,,,,,,,,,,,,,,,,,,,,,,,,,,,,,,,,,,,,,,,,,,,,,,,,,,,,,,,,,,,,,,,,,,,,,,,,,,,,,,,,,,,,,,,,,,,,,,,,,,,,,,,,,,,,,,,,,,,,,,,,,,,,,,,,,,,,,,,,,,,,,,,,,,,,,,,,,,,,,,,,,,,,,,,,,,,,,,,,,,,,,,,,,,,,,,,,,,,,,,,,,,,,,,,,,,,,,,
Putrescent Glob,"After being damaged with a weapon with the putrescent glob affixed, you must succeed at a DC 23 Fortitude save or your sickened condition increases to sickened 2, and you can't reduce you sickened condition until the end of your next turn. On a critical failure, you are also slowed 1 until the end of your next turn.",talismans,,0,,,,10,,,,,,,,,,,,,,,,,,,,,,,,,,,,,,,,,,,,,,,,,,,,,,,,,,,,,,,,,,,,,,,,,,,,,,,,,,,,,,,,,,,,,,,,,,,,,,,,,,,,,,,,,,,,,,,,,,,,,,,,,,,,,,,Failure,Success,0,,,,Failure,10,,,,Critical Failure,10,,,,,,,,,,,,,,,,,,,,,,,,,,,,,,,,,,,,,,,,,,,,,,,,,,,,,,,,,,,,,,,,,,,,,,,,,,,,,,,,,,,,,,,,,,,,,,,,,,,,,,,,,,,,,,,,,,,,,,,,,,,,,,,,,,,,,,,,,,,,,,,,,,,,,,,,,,,,,,,,,,,,,,,,,,,,,,,,,,,,,,,,,,,,,,1,,,Failure,,,,,TRUE,Sickened,,,,,1,,,Critical Failure,,,,TRUE,Sickened,,,,,,,,Critical Failure,,,,,Slowed,,,1,,,,,,,,,,,,,,,,,,,,,,,,,,,,,,,,,,,,,,,,,,,,,,,,,,,,,,,,,,,,,,,,,,,,,,,,,,,,,,,,,,,,,,,,,,,,,,,,,,,,,,,,,,,,,,,,,,,,,,,,,,,,,,,,,,,,,,,,,,,,,,,,,,,,,,,,,,,,,,,,,,,,,,,,,,,,,,,,,,,,,,,,,,,,,,,,,,,,,,,,,,,,,,,,,,,,,,,,,,,,,,,,,,,,,,,,,,,,,,,,,,,,,,,,,,,,,,,,,,,,,,,,,,,,,,,,,,,,,,,,,,,,,,,,,,,,,,,,,,,,,,,,,,,,,,,,,,,,,,,,,,,,,,,,,,,,,,,,,,,,,,,,,,,,,,,,,,,,,,,,,,,,,,,,,,,,,,,,,,,,,,,,,,,,,,,,,,,,,,,,,,,,,,,,,,,,,,,,,,,,,,,,,,,,,,,,,,,,,,,,,,,,,,,,,,,,,,,,,,,,,,,,,,,,,,,,,,,,,,,,,,,,,,,,,,,,,,,,,,,,
Snapleaf,"You gain the benefits of feather fall and a 2nd-level invisibility spell for the duration or until you stop falling, whichever comes first.",talismans,,0,,,TRUE,100,,,,,,,,,,,,,,,,Remove this condition when you stop falling.,,,,,,,,,,,,,,,,,,,,,,,,,,,,,,,,,,,,,,,,,,,,,,,,,,,,,,,,,,,,,,,,,,,,,,,,,,,,,,,,,,,,,,,,,,,,,,,,,,,,,,,,,,,,,,,,,,,,,,,,,,,,,,,,,,,,,,,,,,,,,,,,,,,,,,,,,,,,,,,,,,,,,,,,,,,,,,,,,,,,,,,,,,,,,,,,,,,,,,,,,,,,,,,,,,,,,,,,,,,,,,,,,,,,,,,,,,,,,,,,,,,,,,,,,,,,,,,,,,,,,,,,,,,,,,,,,,,,,,,,,,,,,,,,,,,,,,,,,,,,,,,,,,,,,,,,,,,,,,,2,,,Invisibility,,,,,,,,,,,,,Feather Fall,,,,,,,,,,,,,,,,,,,,,,,,,,,,,,,,,,,,,,,,,,,,,,,,,,,,,,,,,,,,,,,,,,,,,,,,,,,,,,,,,,,,,,,,,,,,,,,,,,,,,,,,,,,,,,,,,,,,,,,,,,,,,,,,,,,,,,,,,,,,,,,,,,,,,,,,,,,,,,,,,,,,,,,,,,,,,,,,,,,,,,,,,,,,,,,,,,,,,,,,,,,,,,,,,,,,,,,,,,,,,,,,,,,,,,,,,,,,,,,,,,,,,,,,,,,,,,,,,,,,,,,,,,,,,,,,,,,,,,,,,,,,,,,,,,,,,,,,,,,,,,,,,,,,,,,,,,,,,,,,,,,,,,,,,,,,,,,,,,,,,,,,,,,,,,,,,,,,,,,,,,,,,,,,,,,,,,,,,,,,,,,,,,,,,,,,,,,,,,,,,,,,,,,,,,,,,,,,,,,,,,,,,,,,,,,,,,,,,,,,,,,,,,,,,,,,,,,,,,,,,,,,,,,,,,,,,,,,,,,,,,,,,,,,,,,,,,,,,,,,,,,,,,,,,,,,,,,,
Sneaky Key,"For the duration, if the outcome of any your attempts to Pick a Lock is a critical failure, you get a failure instead.",talismans,,0,,,TRUE,100,,,,,,,,,,,,,,,,,,,,"If the outcome of any your attempts to Pick a Lock is a critical failure, you get a failure instead.",Thievery,,,,,,,,,,,,,,,,,,,,,,,,,,,,,,,,,,,,,,,,,,,,,,,,,,,,,,,,,,,,,,,,,,,,,,,,,,,,,,,,,,,,,,,,,,,,,,,,,,,,,,,,,,,,,,,,,,,,,,,,,,,,,,,,,,,,,,,,,,,,,,,,,,,,,,,,,,,,,,,,,,,,,,,,,,,,,,,,,,,,,,,,,,,,,,,,,,,,,,,,,,,,,,,,,,,,,,,,,,,,,,,,,,,,,,,,,,,,,,,,,,,,,,,,,,,,,,,,,,,,,,,,,,,,,,,,,,,,,,,,,,,,,,,,,,,,,,,,,,,,,,,,,,,,,,,,,,,,,,,,,,,,,,,,,,,,,,,,,,,,,,,,,,,,,,,,,,,,,,,,,,,,,,,,,,,,,,,,,,,,,,,,,,,,,,,,,,,,,,,,,,,,,,,,,,,,,,,,,,,,,,,,,,,,,,,,,,,,,,,,,,,,,,,,,,,,,,,,,,,,,,,,,,,,,,,,,,,,,,,,,,,,,,,,,,,,,,,,,,,,,,,,,,,,,,,,,,,,,,,,,,,,,,,,,,,,,,,,,,,,,,,,,,,,,,,,,,,,,,,,,,,,,,,,,,,,,,,,,,,,,,,,,,,,,,,,,,,,,,,,,,,,,,,,,,,,,,,,,,,,,,,,,,,,,,,,,,,,,,,,,,,,,,,,,,,,,,,,,,,,,,,,,,,,,,,,,,,,,,,,,,,,,,,,,,,,,,,,,,,,,,,,,,,,,,,,,,,,,,,,,,,,,,,,,,,,,,,,,,,,,,,,,,,,,,,,,,,,,,,,,,,,,,,,,,,,,,,,,,,,,,,,,,,,,,,,,,,,,,,,,,,,,,,,,,,,,,,,,,,,,,,,,,,,,,,,,,,,,,,,,,,,,,
Tiger Menuki,The weapon that the tiger menuki is affixed to gains the sweep trait for the triggering attack and all other attacks for the duration.,talismans,,0,,,TRUE,100,,,,,,,,,,,,,,,,,,,,The weapon that the tiger menuki is affixed to gains the sweep trait for the triggering attack and all other attacks for the duration.,Attacks,,,,,,,,,,,,,,,,,,,,,,,,,,,,,,,,,,,,,,,,,,,,,,,,,,,,,,,,,,,,,,,,,,,,,,,,,,,,,,,,,,,,,,,,,,,,,,,,,,,,,,,,,,,,,,,,,,,,,,,,,,,,,,,,,,,,,,,,,,,,,,,,,,,,,,,,,,,,,,,,,,,,,,,,,,,,,,,,,,,,,,,,,,,,,,,,,,,,,,,,,,,,,,,,,,,,,,,,,,,,,,,,,,,,,,,,,,,,,,,,,,,,,,,,,,,,,,,,,,,,,,,,,,,,,,,,,,,,,,,,,,,,,,,,,,,,,,,,,,,,,,,,,,,,,,,,,,,,,,,,,,,,,,,,,,,,,,,,,,,,,,,,,,,,,,,,,,,,,,,,,,,,,,,,,,,,,,,,,,,,,,,,,,,,,,,,,,,,,,,,,,,,,,,,,,,,,,,,,,,,,,,,,,,,,,,,,,,,,,,,,,,,,,,,,,,,,,,,,,,,,,,,,,,,,,,,,,,,,,,,,,,,,,,,,,,,,,,,,,,,,,,,,,,,,,,,,,,,,,,,,,,,,,,,,,,,,,,,,,,,,,,,,,,,,,,,,,,,,,,,,,,,,,,,,,,,,,,,,,,,,,,,,,,,,,,,,,,,,,,,,,,,,,,,,,,,,,,,,,,,,,,,,,,,,,,,,,,,,,,,,,,,,,,,,,,,,,,,,,,,,,,,,,,,,,,,,,,,,,,,,,,,,,,,,,,,,,,,,,,,,,,,,,,,,,,,,,,,,,,,,,,,,,,,,,,,,,,,,,,,,,,,,,,,,,,,,,,,,,,,,,,,,,,,,,,,,,,,,,,,,,,,,,,,,,,,,,,,,,,,,,,,,,,,,,,,,,,,,,,,,,,,,,,,,,,,,,,,,,,,,,,,,,
